{
  "id": "4044774",
  "name": "二轮kaohe",
  "font_family": "iconfont",
  "css_prefix_text": "icon-",
  "description": "",
  "glyphs": [
    {
      "icon_id": "10562548",
      "name": "Player, pause",
      "font_class": "Playerpause",
      "unicode": "e6b2",
      "unicode_decimal": 59058
    },
    {
      "icon_id": "386337",
      "name": "叉",
      "font_class": "cha",
      "unicode": "e61a",
      "unicode_decimal": 58906
    },
    {
      "icon_id": "3427890",
      "name": "交叉分析",
      "font_class": "icon-",
      "unicode": "e630",
      "unicode_decimal": 58928
    },
    {
      "icon_id": "630094",
      "name": "向右箭头",
      "font_class": "xiangyoujiantou",
      "unicode": "e65f",
      "unicode_decimal": 58975
    },
    {
      "icon_id": "630095",
      "name": "向左箭头",
      "font_class": "xiangzuojiantou",
      "unicode": "e660",
      "unicode_decimal": 58976
    },
    {
      "icon_id": "33711680",
      "name": "列表循环",
      "font_class": "liebiaoxunhuan",
      "unicode": "e604",
      "unicode_decimal": 58884
    },
    {
      "icon_id": "577399",
      "name": "向下2",
      "font_class": "xiangxia2",
      "unicode": "e772",
      "unicode_decimal": 59250
    },
    {
      "icon_id": "2815702",
      "name": "播放",
      "font_class": "bofang",
      "unicode": "e600",
      "unicode_decimal": 58880
    },
    {
      "icon_id": "6207817",
      "name": "音乐",
      "font_class": "ziyuanldpi",
      "unicode": "e61b",
      "unicode_decimal": 58907
    },
    {
      "icon_id": "6302540",
      "name": "添加",
      "font_class": "tianjia",
      "unicode": "e679",
      "unicode_decimal": 59001
    },
    {
      "icon_id": "6399653",
      "name": "播放",
      "font_class": "weibiaoti--",
      "unicode": "e60f",
      "unicode_decimal": 58895
    },
    {
      "icon_id": "10223252",
      "name": "发现",
      "font_class": "faxian",
      "unicode": "e620",
      "unicode_decimal": 58912
    },
    {
      "icon_id": "10562545",
      "name": "Player, play",
      "font_class": "Playerplay",
      "unicode": "e6b0",
      "unicode_decimal": 59056
    },
    {
      "icon_id": "10562546",
      "name": "Player, next",
      "font_class": "Playernext",
      "unicode": "e6b1",
      "unicode_decimal": 59057
    },
    {
      "icon_id": "11391498",
      "name": "歌单",
      "font_class": "gedan",
      "unicode": "e636",
      "unicode_decimal": 58934
    },
    {
      "icon_id": "20784233",
      "name": "歌单",
      "font_class": "gedan1",
      "unicode": "e6bf",
      "unicode_decimal": 59071
    },
    {
      "icon_id": "22983432",
      "name": "文件音乐",
      "font_class": "wenjianyinle",
      "unicode": "e8a2",
      "unicode_decimal": 59554
    },
    {
      "icon_id": "35311548",
      "name": "Player, next-copy",
      "font_class": "Playernext-copy",
      "unicode": "e8a3",
      "unicode_decimal": 59555
    }
  ]
}
